{
  "configVersion": 1,
  "timestamp": 1755087620695,
  "index": "/index.html",
  "assetGroups": [
    {
      "name": "app",
      "installMode": "prefetch",
      "updateMode": "prefetch",
      "cacheQueryOptions": {
        "ignoreVary": true
      },
      "urls": [
        "/917.c6d5345b92bedc6a.js",
        "/favicon.ico",
        "/index.html",
        "/main.741720c446f58b63.js",
        "/manifest.webmanifest",
        "/polyfills.ef663cf233c5d635.js",
        "/runtime.29eef0b042ce0f12.js",
        "/styles.c3524ed6012f9ca3.css"
      ],
      "patterns": []
    },
    {
      "name": "assets",
      "installMode": "lazy",
      "updateMode": "prefetch",
      "cacheQueryOptions": {
        "ignoreVary": true
      },
      "urls": [
        "/assets/i18n/tr.json",
        "/assets/icons/icon-128x128.png",
        "/assets/icons/icon-144x144.png",
        "/assets/icons/icon-152x152.png",
        "/assets/icons/icon-192x192.png",
        "/assets/icons/icon-384x384.png",
        "/assets/icons/icon-512x512.png",
        "/assets/icons/icon-72x72.png",
        "/assets/icons/icon-96x96.png",
        "/assets/truck.png"
      ],
      "patterns": []
    }
  ],
  "dataGroups": [],
  "hashTable": {
    "/917.c6d5345b92bedc6a.js": "991164820284a52948607aceaef8dc0892118b6b",
    "/assets/i18n/tr.json": "bcdcceafd9c35f3a89da47b50e3512eece2441d8",
    "/assets/icons/icon-128x128.png": "b1f06c7d714abb4a0cc4d1f7c954feb26826e4c4",
    "/assets/icons/icon-144x144.png": "96a0d629765c1bc85d9263c6bc83094ca776d267",
    "/assets/icons/icon-152x152.png": "b1fbbee3902eb96a7658e3bb006f31f78ca5a44c",
    "/assets/icons/icon-192x192.png": "e4211163bf0911688fbfb80278d8ff4d2f77691d",
    "/assets/icons/icon-384x384.png": "329749cd6393768d3131ed6304c136b1ca05f2fd",
    "/assets/icons/icon-512x512.png": "559d9c4318b45a1f2b10596bbb4c960fe521dbcc",
    "/assets/icons/icon-72x72.png": "279825a1ac4377032ae996a1832c641e33ccf1b6",
    "/assets/icons/icon-96x96.png": "592885efcbfee27e5e20be4fa3043589390d2740",
    "/assets/truck.png": "913b15e9db4fd6d86604f50996c8c7aafbc348f0",
    "/favicon.ico": "22f6a4a3bcaafafb0254e0f2fa4ceb89e505e8b2",
    "/index.html": "fed3212cd95d43ef930fb213cd9a58bc68f8beb9",
    "/main.741720c446f58b63.js": "abff16445caa0abf4df5105b3d54693087e85faf",
    "/manifest.webmanifest": "80ef38d32c0f544ffc03785d2718db5ba59d08f0",
    "/polyfills.ef663cf233c5d635.js": "ca2a81359e00da0b85505381c18a716e2e23205c",
    "/runtime.29eef0b042ce0f12.js": "52412bd073e228e97e9e9f59461b15ff547c97c0",
    "/styles.c3524ed6012f9ca3.css": "f8fa93352c90e4db3c4a96d73d7e7be30bccd7ae"
  },
  "navigationUrls": [
    {
      "positive": true,
      "regex": "^\\/.*$"
    },
    {
      "positive": false,
      "regex": "^\\/(?:.+\\/)?[^/]*\\.[^/]*$"
    },
    {
      "positive": false,
      "regex": "^\\/(?:.+\\/)?[^/]*__[^/]*$"
    },
    {
      "positive": false,
      "regex": "^\\/(?:.+\\/)?[^/]*__[^/]*\\/.*$"
    }
  ],
  "navigationRequestStrategy": "performance"
}